label,category,total_samples,detected,missed,detection_rate_pct,mean_error,median_error,std_error,p90_error,p95_error,p99_error
apache2,DoS,737,708,29,96.07,0.273268,0.254636,0.109978,0.452473,0.480871,0.50814
back,DoS,359,32,327,8.91,0.042694,0.013866,0.061916,0.119815,0.17859,0.282596
buffer_overflow,U2R,20,17,3,85.0,1.998736,1.028574,2.443509,5.179682,8.113718,8.918278
ftp_write,R2L,3,2,1,66.67,2.289468,1.745269,2.103998,4.425025,4.759994,5.02797
guess_passwd,R2L,1231,482,749,39.16,0.279493,0.034473,0.469304,0.720269,1.653825,1.677427
httptunnel,R2L,133,129,4,96.99,0.295488,0.218274,0.875126,0.372814,0.432059,0.444847
imap,R2L,1,1,0,100.0,0.248917,0.248917,0.0,0.248917,0.248917,0.248917
ipsweep,Probe,141,8,133,5.67,0.099306,0.110042,0.024269,0.117956,0.132463,0.149738
land,DoS,7,7,0,100.0,3.127563,3.272856,1.482066,4.940148,5.068532,5.171239
loadmodule,U2R,2,2,0,100.0,12.428698,12.428698,0.696098,12.985576,13.055186,13.110874
mailbomb,DoS,293,43,250,14.68,0.078837,0.06474,0.057311,0.146385,0.163222,0.314306
mscan,Probe,996,866,130,86.95,0.479761,0.494781,0.261104,0.807399,0.860232,0.990489
multihop,R2L,18,7,11,38.89,46.459971,0.061576,127.655717,133.298776,407.016655,407.714262
named,R2L,17,6,11,35.29,47.92043,0.093138,130.479078,163.09971,404.146257,406.486923
neptune,DoS,4657,4656,1,99.98,0.928119,0.821475,0.290072,1.379481,1.491127,1.585845
nmap,Probe,73,73,0,100.0,0.952201,0.927654,0.133724,0.978723,0.98444,1.697986
normal,Normal,9711,389,9322,4.01,0.03854,0.003158,0.683464,0.070016,0.112638,0.420978
perl,U2R,2,2,0,100.0,5.487565,5.487565,2.558731,7.53455,7.790423,7.995121
phf,R2L,2,2,0,100.0,0.949405,0.949405,0.724931,1.529349,1.601842,1.659837
pod,DoS,41,11,30,26.83,0.226973,0.095327,0.257882,0.745054,0.749805,0.839415
portsweep,Probe,157,156,1,99.36,0.395716,0.332216,0.167881,0.599852,0.623674,0.67587
processtable,DoS,685,645,40,94.16,0.274581,0.240924,0.133833,0.391615,0.508277,0.798793
ps,U2R,15,6,9,40.0,26.679568,0.098831,97.166687,3.604257,120.005242,336.175652
rootkit,U2R,13,3,10,23.08,38.094917,0.035435,107.62812,46.726861,191.862676,363.863943
saint,Probe,319,206,113,64.58,1.085896,1.515603,0.91978,1.797621,2.838978,3.467405
satan,Probe,735,665,70,90.48,1.139314,1.383147,0.848143,1.797984,2.71639,3.454981
sendmail,R2L,14,10,4,71.43,0.749964,0.231227,1.150558,1.477833,2.673812,4.164908
smurf,DoS,665,181,484,27.22,0.109605,0.09774,0.059382,0.173802,0.22634,0.343936
snmpgetattack,R2L,178,0,178,0.0,0.039416,0.027717,0.024829,0.073873,0.118805,0.120856
snmpguess,R2L,331,0,331,0.0,0.028627,0.027371,0.007051,0.027856,0.028046,0.066467
sqlattack,U2R,2,2,0,100.0,39.151199,39.151199,0.001436,39.152348,39.152492,39.152606
teardrop,DoS,12,9,3,75.0,0.153371,0.172845,0.058915,0.212047,0.22622,0.237942
udpstorm,DoS,2,0,2,0.0,0.080031,0.080031,0.024352,0.099513,0.101948,0.103896
warezmaster,R2L,944,511,433,54.13,0.682324,0.200753,13.101034,0.719619,0.935212,1.660871
worm,R2L,2,0,2,0.0,0.034043,0.034043,0.000451,0.034404,0.034449,0.034485
xlock,R2L,9,6,3,66.67,12.282499,0.239655,27.662638,33.705025,61.134696,83.078433
xsnoop,R2L,4,3,1,75.0,210.665214,197.57036,211.208041,431.615478,439.543374,445.885691
xterm,U2R,13,12,1,92.31,75.311096,27.141255,140.694934,329.824205,403.673578,404.962566
