test_index,original_label,attack_category,predicted_label,reconstruction_error,protocol_type,service,flag
6,normal,Normal,INTRUSION,0.33298636521924085,tcp,smtp,SF
14,normal,Normal,INTRUSION,1.192399420221053,tcp,telnet,SF
179,normal,Normal,INTRUSION,0.19028590032072817,tcp,smtp,SF
233,normal,Normal,INTRUSION,0.773086327174593,tcp,http,SF
331,normal,Normal,INTRUSION,2.5857399641602625,tcp,private,S1
384,normal,Normal,INTRUSION,3.896222113848158,tcp,telnet,SF
389,normal,Normal,INTRUSION,0.13853345179570634,tcp,ftp,SF
427,normal,Normal,INTRUSION,0.24929103999099536,tcp,other,RSTR
433,normal,Normal,INTRUSION,0.187703745470884,udp,private,SF
476,normal,Normal,INTRUSION,0.6682026417108242,tcp,private,RSTR
487,normal,Normal,INTRUSION,0.13167238053230343,tcp,http,SF
569,normal,Normal,INTRUSION,0.21367616229279,udp,private,SF
594,normal,Normal,INTRUSION,0.141859223090761,udp,private,SF
598,normal,Normal,INTRUSION,2.2325688413621463,tcp,telnet,SF
614,normal,Normal,INTRUSION,0.17160843482927288,tcp,smtp,SF
645,normal,Normal,INTRUSION,0.33668446538944047,udp,private,SF
665,normal,Normal,INTRUSION,0.14656486634385033,tcp,ftp,SF
672,normal,Normal,INTRUSION,0.15136236082293594,tcp,ftp_data,SF
673,normal,Normal,INTRUSION,0.1442251556633759,udp,private,SF
697,normal,Normal,INTRUSION,0.1695557515069153,tcp,finger,SF
720,normal,Normal,INTRUSION,0.9284474469582452,udp,private,SF
784,normal,Normal,INTRUSION,0.1695157895419785,tcp,http,SF
934,normal,Normal,INTRUSION,0.15296483851940804,tcp,http,SF
993,normal,Normal,INTRUSION,0.15735199284649254,tcp,smtp,SF
1183,normal,Normal,INTRUSION,0.2307799962764201,udp,private,SF
1199,normal,Normal,INTRUSION,0.2114098909066033,udp,private,SF
1205,normal,Normal,INTRUSION,0.7355753993737714,tcp,http,SF
1216,normal,Normal,INTRUSION,0.1767861405622882,udp,private,SF
1318,normal,Normal,INTRUSION,1.2608077813932277,tcp,telnet,SF
1328,normal,Normal,INTRUSION,0.1591900309663671,udp,private,SF
1467,normal,Normal,INTRUSION,0.23013924889219986,tcp,ftp_data,SF
1501,normal,Normal,INTRUSION,0.14091860750804186,udp,private,SF
1530,normal,Normal,INTRUSION,0.5783832558894451,tcp,ftp,SF
1626,normal,Normal,INTRUSION,0.13377475980839898,udp,private,SF
1670,normal,Normal,INTRUSION,0.6754619702958895,tcp,ftp,SF
1777,normal,Normal,INTRUSION,0.3458687542744293,tcp,other,RSTR
1801,normal,Normal,INTRUSION,0.42182022957970666,tcp,http,SF
1889,normal,Normal,INTRUSION,0.15983046363858225,tcp,smtp,SF
1929,normal,Normal,INTRUSION,0.14945009571823437,udp,private,SF
1936,normal,Normal,INTRUSION,2.1876051130912395,tcp,telnet,SF
1993,normal,Normal,INTRUSION,0.3677995793719208,tcp,ftp_data,SF
2164,normal,Normal,INTRUSION,0.14560941120854712,udp,private,SF
2227,normal,Normal,INTRUSION,0.32538208167130994,tcp,http,REJ
2278,normal,Normal,INTRUSION,0.2751166652209203,tcp,ftp,SF
2315,normal,Normal,INTRUSION,0.4205769805822376,udp,private,SF
2370,normal,Normal,INTRUSION,0.13674605522029565,tcp,ftp,SF
2375,normal,Normal,INTRUSION,0.1862497178474529,udp,private,SF
2387,normal,Normal,INTRUSION,0.7393325341980368,tcp,ftp_data,SF
2466,normal,Normal,INTRUSION,0.5226272564740629,tcp,http,REJ
2480,normal,Normal,INTRUSION,0.14031462893921254,udp,private,SF
2558,normal,Normal,INTRUSION,0.13882436042604704,tcp,smtp,SF
2587,normal,Normal,INTRUSION,0.20169064673633333,udp,private,SF
2601,normal,Normal,INTRUSION,0.26542174488864945,tcp,telnet,RSTO
2791,normal,Normal,INTRUSION,0.22045966914827944,tcp,X11,S1
2937,normal,Normal,INTRUSION,0.1755482839529229,udp,private,SF
2980,normal,Normal,INTRUSION,0.1329957185345242,tcp,http,SF
3020,normal,Normal,INTRUSION,0.18705262262530437,tcp,smtp,SF
3031,normal,Normal,INTRUSION,0.1465631787693461,tcp,ftp,SF
3044,normal,Normal,INTRUSION,2.3628132812201548,tcp,telnet,SF
3074,normal,Normal,INTRUSION,0.2888589215791789,tcp,other,RSTR
3176,normal,Normal,INTRUSION,0.19735708540881838,udp,private,SF
3187,normal,Normal,INTRUSION,0.1392894434577696,tcp,finger,SF
3322,normal,Normal,INTRUSION,0.3654097509222426,tcp,http,REJ
3413,normal,Normal,INTRUSION,0.21808160328203316,tcp,smtp,REJ
3486,normal,Normal,INTRUSION,0.4187685020342981,tcp,http,REJ
3494,normal,Normal,INTRUSION,0.17581325606579357,udp,private,SF
3524,normal,Normal,INTRUSION,0.6876917302747976,tcp,ftp_data,SF
3532,normal,Normal,INTRUSION,0.15077567994941216,tcp,ftp,SF
3547,normal,Normal,INTRUSION,0.13513139422754067,tcp,smtp,SF
3613,normal,Normal,INTRUSION,0.4210225842298749,tcp,smtp,SF
3891,normal,Normal,INTRUSION,0.1695799279701102,tcp,ftp_data,SF
3923,normal,Normal,INTRUSION,0.22016306752456666,udp,private,SF
3933,normal,Normal,INTRUSION,0.2997075572442419,tcp,http,SF
3941,normal,Normal,INTRUSION,0.2385596887923474,tcp,smtp,SF
4085,normal,Normal,INTRUSION,0.6465682017103773,tcp,private,RSTR
4195,normal,Normal,INTRUSION,0.28825815186775267,tcp,other,RSTR
4305,normal,Normal,INTRUSION,0.30907050852096973,tcp,http,REJ
4384,normal,Normal,INTRUSION,0.13654756152560343,tcp,smtp,SF
4417,normal,Normal,INTRUSION,0.17570122257992096,udp,private,SF
4462,normal,Normal,INTRUSION,0.2921206391613369,tcp,IRC,RSTR
4575,normal,Normal,INTRUSION,0.7180263231965142,tcp,smtp,REJ
4625,normal,Normal,INTRUSION,0.2854195696780357,udp,private,SF
4663,normal,Normal,INTRUSION,0.2779559109091468,tcp,http,SF
4869,normal,Normal,INTRUSION,0.31288652225452235,icmp,ecr_i,SF
4879,normal,Normal,INTRUSION,0.1462528582255712,tcp,ftp,SF
4978,normal,Normal,INTRUSION,0.14456376938441914,tcp,ftp,SF
4983,normal,Normal,INTRUSION,0.13337419276136198,tcp,http,SF
5044,normal,Normal,INTRUSION,0.1391619726570939,udp,private,SF
5049,normal,Normal,INTRUSION,0.1738003948349477,udp,private,SF
5252,normal,Normal,INTRUSION,0.4253571886361862,tcp,http,REJ
5296,normal,Normal,INTRUSION,0.30943719690210997,tcp,other,RSTR
5358,normal,Normal,INTRUSION,0.31252594003762946,tcp,ftp_data,SF
5361,normal,Normal,INTRUSION,0.2999227490939027,tcp,http,SF
5461,normal,Normal,INTRUSION,0.14163061065838445,tcp,smtp,SF
5557,normal,Normal,INTRUSION,0.1509149392549766,tcp,smtp,SF
5667,normal,Normal,INTRUSION,0.19855521311174096,udp,private,SF
5713,normal,Normal,INTRUSION,0.3339629239895121,udp,private,SF
5738,normal,Normal,INTRUSION,0.37506713794528224,tcp,smtp,SF
5742,normal,Normal,INTRUSION,0.25776545295867914,udp,private,SF
5973,normal,Normal,INTRUSION,0.831877295888523,tcp,telnet,SF
6004,normal,Normal,INTRUSION,0.29415248873312255,tcp,http,S2
6024,normal,Normal,INTRUSION,0.21721767863232538,udp,private,SF
6134,normal,Normal,INTRUSION,2.9513527938050004,tcp,X11,SF
6176,normal,Normal,INTRUSION,0.3303091860536457,tcp,smtp,REJ
6318,normal,Normal,INTRUSION,0.4140657893783174,tcp,http,REJ
6391,normal,Normal,INTRUSION,0.16749112969992577,tcp,ftp,SF
6479,normal,Normal,INTRUSION,1.0443972804853803,udp,private,SF
6516,normal,Normal,INTRUSION,0.17710275580730445,udp,private,SF
6565,normal,Normal,INTRUSION,0.3104186044623299,tcp,other,RSTR
6705,normal,Normal,INTRUSION,0.2714364811964318,udp,private,SF
6779,normal,Normal,INTRUSION,0.2632156532869448,tcp,http,SF
6783,normal,Normal,INTRUSION,0.422398206389176,tcp,http,REJ
6871,normal,Normal,INTRUSION,0.44321828495327426,tcp,telnet,SF
6932,normal,Normal,INTRUSION,0.22339542896849626,tcp,http,SF
6978,normal,Normal,INTRUSION,0.30008330475245604,tcp,other,RSTR
7157,normal,Normal,INTRUSION,0.6072134469591499,tcp,telnet,SF
7183,normal,Normal,INTRUSION,0.13975071606777614,udp,private,SF
7185,normal,Normal,INTRUSION,0.24725024338340865,udp,private,SF
7506,normal,Normal,INTRUSION,0.1413851035026944,tcp,smtp,SF
7672,normal,Normal,INTRUSION,0.6446641275727969,tcp,http,SF
7705,normal,Normal,INTRUSION,0.5377175151368085,udp,private,SF
7710,normal,Normal,INTRUSION,0.15740249962190378,tcp,smtp,SF
7737,normal,Normal,INTRUSION,0.25611752824111755,tcp,other,RSTR
7742,normal,Normal,INTRUSION,0.18664947548352265,tcp,smtp,SF
7796,normal,Normal,INTRUSION,0.4175038994058225,tcp,http,REJ
7853,normal,Normal,INTRUSION,0.16702082904260887,tcp,ftp,SF
7871,normal,Normal,INTRUSION,0.34540552377495154,tcp,smtp,SF
7875,normal,Normal,INTRUSION,0.36103296018054687,tcp,http,SF
7921,normal,Normal,INTRUSION,0.20091826479590844,udp,private,SF
8026,normal,Normal,INTRUSION,0.1347567957261758,udp,private,SF
8103,normal,Normal,INTRUSION,0.24376727760986888,tcp,smtp,REJ
8107,normal,Normal,INTRUSION,0.17764086006631752,tcp,http,SF
8180,normal,Normal,INTRUSION,0.5705239374953772,udp,private,SF
8205,normal,Normal,INTRUSION,0.20340574457640503,udp,private,SF
8324,normal,Normal,INTRUSION,0.16585704057337072,udp,private,SF
8489,normal,Normal,INTRUSION,0.5862375883820848,tcp,http,SF
8571,normal,Normal,INTRUSION,0.2339502778452804,tcp,smtp,SF
8608,normal,Normal,INTRUSION,1.6914610652513329,tcp,http,SF
8749,normal,Normal,INTRUSION,0.4295329135796861,tcp,http,REJ
8777,normal,Normal,INTRUSION,0.6965160886295627,tcp,http,REJ
8812,normal,Normal,INTRUSION,0.13644202835294558,tcp,ftp,SF
8840,normal,Normal,INTRUSION,0.14006292930212816,udp,private,SF
8879,normal,Normal,INTRUSION,0.1686690710771709,tcp,smtp,SF
8961,normal,Normal,INTRUSION,0.28898816228106894,tcp,http,SF
9028,normal,Normal,INTRUSION,0.16337288088460183,udp,domain_u,SF
9058,normal,Normal,INTRUSION,0.29449249389702425,tcp,http,S2
9200,normal,Normal,INTRUSION,0.5174085440493942,tcp,private,REJ
9273,normal,Normal,INTRUSION,0.20308199061144908,tcp,smtp,SF
9325,normal,Normal,INTRUSION,0.12942374022752173,tcp,ftp,SF
9337,normal,Normal,INTRUSION,2.682631788990053,tcp,ftp,SF
9363,normal,Normal,INTRUSION,0.5944101190118763,tcp,private,RSTR
9369,normal,Normal,INTRUSION,0.42477643272628773,tcp,http,REJ
9450,normal,Normal,INTRUSION,0.22092463527912418,udp,other,SF
9482,normal,Normal,INTRUSION,0.2871578621826348,tcp,other,RSTR
9498,normal,Normal,INTRUSION,0.20148246428494448,udp,private,SF
9541,normal,Normal,INTRUSION,0.26216236898980405,tcp,http,SF
9613,normal,Normal,INTRUSION,0.7036928813090546,tcp,X11,S3
9627,normal,Normal,INTRUSION,0.17661478632596098,udp,private,SF
9658,normal,Normal,INTRUSION,0.3752871076364117,icmp,ecr_i,SF
9671,normal,Normal,INTRUSION,0.18478322566478933,udp,private,SF
9708,normal,Normal,INTRUSION,0.3538519419011476,tcp,smtp,SF
9807,normal,Normal,INTRUSION,0.25833787970845695,tcp,other,RSTR
9878,normal,Normal,INTRUSION,0.4180506329353239,tcp,smtp,SF
9883,normal,Normal,INTRUSION,0.1857574156782997,tcp,ftp,SF
9963,normal,Normal,INTRUSION,0.39441418921394955,tcp,smtp,REJ
9975,normal,Normal,INTRUSION,0.13643354398735416,tcp,http,SF
10174,normal,Normal,INTRUSION,0.1417218736807537,udp,domain_u,SF
10175,normal,Normal,INTRUSION,0.8119160916875072,tcp,http,SF
10266,normal,Normal,INTRUSION,0.9106030817726611,tcp,X11,S1
10281,normal,Normal,INTRUSION,0.19895977601347306,tcp,ftp,SF
10300,normal,Normal,INTRUSION,0.8298914544119798,tcp,http,SF
10335,normal,Normal,INTRUSION,0.22072463614570714,udp,private,SF
10392,normal,Normal,INTRUSION,0.3291366514823967,tcp,telnet,SF
10421,normal,Normal,INTRUSION,0.15683302357678008,udp,private,SF
10446,normal,Normal,INTRUSION,0.2710216458008734,tcp,other,RSTR
10450,normal,Normal,INTRUSION,0.21129330830899876,tcp,telnet,SF
10456,normal,Normal,INTRUSION,0.28787332210117145,tcp,other,RSTR
10464,normal,Normal,INTRUSION,0.14360907906465814,tcp,smtp,SF
10570,normal,Normal,INTRUSION,0.7518880165289965,tcp,smtp,SF
10620,normal,Normal,INTRUSION,63.6693051423146,tcp,ftp,SF
10657,normal,Normal,INTRUSION,0.12991963001572926,udp,private,SF
10714,normal,Normal,INTRUSION,0.21604718360284927,udp,private,SF
10750,normal,Normal,INTRUSION,0.3682528680249829,tcp,ftp,SF
10816,normal,Normal,INTRUSION,0.7021592006443497,tcp,http,SF
10821,normal,Normal,INTRUSION,0.4416561517019324,tcp,smtp,REJ
10869,normal,Normal,INTRUSION,0.3781100981797896,tcp,smtp,SF
10872,normal,Normal,INTRUSION,0.2065329005983491,udp,private,SF
10875,normal,Normal,INTRUSION,0.30651190301331116,tcp,ftp_data,SF
10933,normal,Normal,INTRUSION,0.12991007920356742,tcp,ftp_data,SF
11008,normal,Normal,INTRUSION,0.16744102707896863,udp,private,SF
11028,normal,Normal,INTRUSION,0.8176323500735246,tcp,http,SF
11237,normal,Normal,INTRUSION,0.9423511802449893,tcp,http,S1
11255,normal,Normal,INTRUSION,0.941668725564144,tcp,telnet,SF
11285,normal,Normal,INTRUSION,0.1866283079665935,udp,private,SF
11388,normal,Normal,INTRUSION,0.15429968213328543,tcp,ftp,SF
11427,normal,Normal,INTRUSION,0.14529698070742406,tcp,ftp,S3
11462,normal,Normal,INTRUSION,2.38040339147978,tcp,telnet,SF
11481,normal,Normal,INTRUSION,0.15966363769402137,tcp,smtp,SF
11541,normal,Normal,INTRUSION,0.164444826336376,udp,other,SF
11586,normal,Normal,INTRUSION,0.13693336113477733,tcp,ftp,SF
11618,normal,Normal,INTRUSION,0.21112827116112876,tcp,smtp,SF
11625,normal,Normal,INTRUSION,0.1306247398928661,udp,private,SF
11704,normal,Normal,INTRUSION,0.15569823638902616,tcp,ftp,SF
11732,normal,Normal,INTRUSION,0.5820019198680705,tcp,http,SF
11880,normal,Normal,INTRUSION,0.1433715058887331,tcp,http,SF
11970,normal,Normal,INTRUSION,0.13008057177168483,tcp,IRC,RSTR
11982,normal,Normal,INTRUSION,0.1355525608770245,tcp,smtp,SF
12001,normal,Normal,INTRUSION,0.1804253141955762,tcp,ftp,SF
12109,normal,Normal,INTRUSION,0.2765946015215157,tcp,http,SF
12163,normal,Normal,INTRUSION,0.14295825850177069,udp,tftp_u,SF
12203,normal,Normal,INTRUSION,9.128625608067253,tcp,telnet,SF
12297,normal,Normal,INTRUSION,0.28322012919024214,tcp,other,RSTR
12333,normal,Normal,INTRUSION,0.5684091471767959,udp,private,SF
12375,normal,Normal,INTRUSION,0.15608174660571847,tcp,ftp,SF
12494,normal,Normal,INTRUSION,0.21481335929929382,tcp,http,SF
12542,normal,Normal,INTRUSION,0.8566280525518921,tcp,telnet,SF
12561,normal,Normal,INTRUSION,0.28854492861341036,tcp,ftp,SF
12627,normal,Normal,INTRUSION,0.16729552413601612,tcp,auth,SF
12699,normal,Normal,INTRUSION,0.13053303051112158,tcp,ftp_data,SF
12722,normal,Normal,INTRUSION,0.2809660986445241,tcp,other,RSTR
12731,normal,Normal,INTRUSION,0.7003572092512292,tcp,private,RSTOS0
12856,normal,Normal,INTRUSION,0.17195838550511494,tcp,http,SF
13088,normal,Normal,INTRUSION,0.6583440913943225,tcp,link,RSTR
13181,normal,Normal,INTRUSION,0.33979770916239954,tcp,telnet,SF
13190,normal,Normal,INTRUSION,0.31281859878533713,udp,private,SF
13247,normal,Normal,INTRUSION,0.17225875983831543,tcp,http,SF
13293,normal,Normal,INTRUSION,16.08757342674455,tcp,telnet,SF
13332,normal,Normal,INTRUSION,0.2735654341199601,tcp,smtp,S2
13345,normal,Normal,INTRUSION,0.13488310900596356,udp,private,SF
13349,normal,Normal,INTRUSION,0.2361307671937119,tcp,finger,SF
13437,normal,Normal,INTRUSION,0.8241904763975838,tcp,http,SF
13519,normal,Normal,INTRUSION,0.4145493527627536,tcp,private,S2
13599,normal,Normal,INTRUSION,0.17809548460857377,tcp,http,SF
13667,normal,Normal,INTRUSION,0.44912337436198363,tcp,http,REJ
13863,normal,Normal,INTRUSION,0.17617766018402223,tcp,smtp,SF
13892,normal,Normal,INTRUSION,0.1463679266914484,udp,private,SF
13908,normal,Normal,INTRUSION,0.23456340211389823,udp,private,SF
13935,normal,Normal,INTRUSION,0.2066678377079197,udp,private,SF
14177,normal,Normal,INTRUSION,0.1459619770276451,udp,private,SF
14182,normal,Normal,INTRUSION,1.0711747714589372,udp,private,SF
14183,normal,Normal,INTRUSION,0.1643669488141946,udp,private,SF
14278,normal,Normal,INTRUSION,0.2685957019013974,tcp,http,SF
14298,normal,Normal,INTRUSION,0.28152366671208373,tcp,other,RSTR
14317,normal,Normal,INTRUSION,0.22499203216577193,udp,other,SF
14341,normal,Normal,INTRUSION,0.15526481942019657,tcp,telnet,SF
14350,normal,Normal,INTRUSION,0.17288864582742722,tcp,finger,SF
14374,normal,Normal,INTRUSION,3.317447668608972,tcp,smtp,S2
14400,normal,Normal,INTRUSION,0.16614704118478796,udp,other,SF
14427,normal,Normal,INTRUSION,0.4358745430305607,udp,domain_u,SF
14517,normal,Normal,INTRUSION,0.1941722385850271,udp,private,SF
14547,normal,Normal,INTRUSION,0.17740603824208445,udp,private,SF
14671,normal,Normal,INTRUSION,0.20168401518363255,udp,private,SF
14689,normal,Normal,INTRUSION,0.275912076433522,udp,domain_u,SF
14914,normal,Normal,INTRUSION,0.1667824488642776,udp,private,SF
14947,normal,Normal,INTRUSION,0.17109628864055862,udp,private,SF
15127,normal,Normal,INTRUSION,0.18270646324130194,udp,private,SF
15175,normal,Normal,INTRUSION,0.339827729891837,tcp,other,RSTR
15265,normal,Normal,INTRUSION,0.8777948443588208,udp,private,SF
15382,normal,Normal,INTRUSION,0.2696706220880284,tcp,other,RSTR
15388,normal,Normal,INTRUSION,0.7569714610221698,tcp,http,SF
15440,normal,Normal,INTRUSION,0.2925935670867327,icmp,ecr_i,SF
15683,normal,Normal,INTRUSION,0.6670210775929231,tcp,smtp,REJ
15695,normal,Normal,INTRUSION,0.4335392559465722,tcp,http,REJ
15739,normal,Normal,INTRUSION,0.15544253561341284,tcp,smtp,SF
15773,normal,Normal,INTRUSION,0.1852962171054521,tcp,http,SF
15840,normal,Normal,INTRUSION,0.20304323673093005,tcp,http,SF
15935,normal,Normal,INTRUSION,0.5884544943447865,tcp,private,RSTR
15953,normal,Normal,INTRUSION,0.1979812798115789,tcp,http,SF
15995,normal,Normal,INTRUSION,0.132097688534456,tcp,IRC,RSTO
16064,normal,Normal,INTRUSION,0.6518471391188502,tcp,ftp,SF
16085,normal,Normal,INTRUSION,0.1492094001360831,udp,private,SF
16089,normal,Normal,INTRUSION,0.1390748806329858,tcp,IRC,RSTR
16178,normal,Normal,INTRUSION,0.1823644961711036,udp,private,SF
16235,normal,Normal,INTRUSION,0.14820165248847691,udp,private,SF
16258,normal,Normal,INTRUSION,0.2812090207171129,tcp,other,RSTR
16303,normal,Normal,INTRUSION,0.15067005821340532,tcp,telnet,SF
16440,normal,Normal,INTRUSION,2.926152128753958,tcp,smtp,S2
16448,normal,Normal,INTRUSION,0.4296941706378172,udp,private,SF
16591,normal,Normal,INTRUSION,0.40242721822211536,tcp,http,SF
16600,normal,Normal,INTRUSION,0.24306646942776408,udp,private,SF
16611,normal,Normal,INTRUSION,0.3602994040752228,tcp,telnet,SF
16648,normal,Normal,INTRUSION,0.45524591348897153,tcp,telnet,SF
16673,normal,Normal,INTRUSION,0.2562683441729711,tcp,smtp,REJ
16687,normal,Normal,INTRUSION,0.22448129800644998,udp,other,SF
16739,normal,Normal,INTRUSION,0.15564970025007455,udp,private,SF
16746,normal,Normal,INTRUSION,0.13110164593679083,tcp,http,SF
16750,normal,Normal,INTRUSION,0.1847261827124237,tcp,http,SF
16751,normal,Normal,INTRUSION,0.13353082432451718,tcp,http,SF
16761,normal,Normal,INTRUSION,0.2225936306947438,udp,private,SF
16771,normal,Normal,INTRUSION,0.13280305456819216,udp,private,SF
16785,normal,Normal,INTRUSION,0.1345290503415854,tcp,http,SF
16799,normal,Normal,INTRUSION,0.23022251558183857,tcp,IRC,RSTR
16896,normal,Normal,INTRUSION,0.132781793531881,tcp,http,SF
16949,normal,Normal,INTRUSION,0.41951123638145055,tcp,ftp,SF
17059,normal,Normal,INTRUSION,0.1670717753096659,udp,private,SF
17094,normal,Normal,INTRUSION,0.2881506047580202,tcp,other,RSTR
17132,normal,Normal,INTRUSION,0.2270869328759016,udp,private,SF
17195,normal,Normal,INTRUSION,0.13495485428681833,udp,private,SF
17197,normal,Normal,INTRUSION,0.5939739564757004,tcp,telnet,SF
17222,normal,Normal,INTRUSION,0.26536430856607146,tcp,http,SF
17245,normal,Normal,INTRUSION,0.26923476683743364,tcp,http,SF
17250,normal,Normal,INTRUSION,0.16319694549790936,tcp,smtp,SF
17484,normal,Normal,INTRUSION,0.31820707453392527,tcp,other,RSTR
17541,normal,Normal,INTRUSION,0.18962286980388623,tcp,http,SF
17676,normal,Normal,INTRUSION,0.15624831387862834,tcp,smtp,SF
17862,normal,Normal,INTRUSION,0.4141849072891825,tcp,http,REJ
17868,normal,Normal,INTRUSION,0.46649248075356775,tcp,http,S1
17987,normal,Normal,INTRUSION,0.1692154891395454,udp,private,SF
18031,normal,Normal,INTRUSION,0.21163936636421418,tcp,telnet,SF
18161,normal,Normal,INTRUSION,0.6563630678027783,tcp,http,REJ
18255,normal,Normal,INTRUSION,0.15083885659488044,tcp,ftp,SF
18278,normal,Normal,INTRUSION,0.1919259712720006,udp,private,SF
18283,normal,Normal,INTRUSION,1.671887839154345,tcp,telnet,SF
18324,normal,Normal,INTRUSION,0.1328478108282288,tcp,http,SF
18329,normal,Normal,INTRUSION,0.14043553935165076,udp,private,SF
18363,normal,Normal,INTRUSION,0.5198441808074826,tcp,auth,REJ
18480,normal,Normal,INTRUSION,0.451331302528767,udp,private,SF
18774,normal,Normal,INTRUSION,0.19245580288635922,udp,private,SF
18827,normal,Normal,INTRUSION,0.6151710544111038,tcp,remote_job,RSTR
18851,normal,Normal,INTRUSION,0.16954622478037906,udp,private,SF
19055,normal,Normal,INTRUSION,0.23801939538593916,tcp,ftp_data,SF
19073,normal,Normal,INTRUSION,0.16436991811686935,udp,private,SF
19196,normal,Normal,INTRUSION,0.16721044986090383,udp,private,SF
19200,normal,Normal,INTRUSION,0.22587339646547494,tcp,ftp_data,SF
19349,normal,Normal,INTRUSION,0.17485997284259633,udp,private,SF
19355,normal,Normal,INTRUSION,0.28820989803741237,tcp,other,RSTR
19436,normal,Normal,INTRUSION,0.7292453473843323,tcp,http,REJ
19577,normal,Normal,INTRUSION,1.4420125269656552,tcp,telnet,SF
19597,normal,Normal,INTRUSION,0.16309503832554567,udp,other,SF
19904,normal,Normal,INTRUSION,0.16660744721488874,udp,private,SF
19975,normal,Normal,INTRUSION,0.3395375650239528,tcp,other,RSTR
20017,normal,Normal,INTRUSION,0.46567587429780427,tcp,http,SF
20033,normal,Normal,INTRUSION,0.1987121886859624,udp,private,SF
20193,normal,Normal,INTRUSION,0.1533553166849573,udp,private,SF
20234,normal,Normal,INTRUSION,0.3040903600268461,tcp,smtp,SF
20487,normal,Normal,INTRUSION,0.8207098430383459,tcp,http,SF
20549,normal,Normal,INTRUSION,0.21410713026307654,tcp,smtp,REJ
20636,normal,Normal,INTRUSION,0.15323016577937107,tcp,smtp,SF
20661,normal,Normal,INTRUSION,0.1297156634522422,tcp,http,SF
20667,normal,Normal,INTRUSION,0.13423254096887197,udp,private,SF
20723,normal,Normal,INTRUSION,0.36296956401569336,udp,private,SF
20775,normal,Normal,INTRUSION,0.6080737865309683,tcp,http,REJ
20780,normal,Normal,INTRUSION,0.16851619249634406,udp,private,SF
20874,normal,Normal,INTRUSION,0.19433068455273664,udp,private,SF
20912,normal,Normal,INTRUSION,0.17413735294378316,udp,private,SF
20938,normal,Normal,INTRUSION,0.2902155280912048,tcp,http,SF
21033,normal,Normal,INTRUSION,0.7547336984832442,tcp,http,SF
21065,normal,Normal,INTRUSION,0.7567896146097356,tcp,http,SF
21068,normal,Normal,INTRUSION,0.6525345577594199,tcp,auth,SF
21196,normal,Normal,INTRUSION,0.1587882450321884,tcp,smtp,SF
21198,normal,Normal,INTRUSION,0.4131133429710923,tcp,ftp,SF
21209,normal,Normal,INTRUSION,0.5343029511004052,tcp,http,REJ
21265,normal,Normal,INTRUSION,0.3010504232140759,tcp,http,S3
21332,normal,Normal,INTRUSION,0.23272626259347823,tcp,smtp,SF
21413,normal,Normal,INTRUSION,0.24706436934038445,tcp,http,SF
21429,normal,Normal,INTRUSION,0.2222985046737969,udp,private,SF
21431,normal,Normal,INTRUSION,1.0167115651418908,udp,private,SF
21444,normal,Normal,INTRUSION,0.6100290934843223,tcp,private,RSTR
21480,normal,Normal,INTRUSION,0.21284779171020882,udp,private,SF
21525,normal,Normal,INTRUSION,0.1346258879845876,tcp,http,SF
21538,normal,Normal,INTRUSION,0.2994033108630524,tcp,other,RSTR
21582,normal,Normal,INTRUSION,0.4522905392045727,tcp,telnet,SF
21598,normal,Normal,INTRUSION,0.18359174067096232,udp,private,SF
21605,normal,Normal,INTRUSION,0.703069294058453,tcp,private,RSTR
21607,normal,Normal,INTRUSION,0.3668730854470326,tcp,telnet,SF
21613,normal,Normal,INTRUSION,0.37577199683454315,udp,private,SF
21617,normal,Normal,INTRUSION,0.3429896606532852,tcp,other,RSTR
21620,normal,Normal,INTRUSION,0.13633722090051953,tcp,ftp,SF
21632,normal,Normal,INTRUSION,0.18829382907976439,udp,private,SF
21637,normal,Normal,INTRUSION,0.5574806824403766,tcp,private,RSTR
21668,normal,Normal,INTRUSION,0.474365724550489,udp,private,SF
21669,normal,Normal,INTRUSION,0.236144285423361,tcp,smtp,REJ
21673,normal,Normal,INTRUSION,0.3100823476101035,tcp,smtp,SF
21786,normal,Normal,INTRUSION,0.22116683661686956,tcp,pop_3,SF
21810,normal,Normal,INTRUSION,1.2195980458873315,tcp,ftp_data,SF
21916,normal,Normal,INTRUSION,0.2607167827813056,tcp,http,SF
21985,normal,Normal,INTRUSION,0.24971209611471915,udp,domain_u,SF
22011,normal,Normal,INTRUSION,0.1906843383571305,udp,private,SF
22155,normal,Normal,INTRUSION,2.410622784607549,tcp,telnet,SF
22169,normal,Normal,INTRUSION,0.5606273569715693,udp,private,SF
22298,normal,Normal,INTRUSION,0.17487551315781721,udp,private,SF
22342,normal,Normal,INTRUSION,0.45027403933584575,tcp,http,REJ
22351,normal,Normal,INTRUSION,0.28711453538643705,tcp,other,RSTR
22376,normal,Normal,INTRUSION,0.1781486978514354,udp,private,SF
22378,normal,Normal,INTRUSION,0.34265281223694777,tcp,other,RSTR
22409,normal,Normal,INTRUSION,0.5811281376508081,tcp,private,REJ
22424,normal,Normal,INTRUSION,0.22185959048934922,tcp,smtp,SF
22440,normal,Normal,INTRUSION,0.20253557001166958,udp,private,SF
22454,normal,Normal,INTRUSION,0.1399228012939114,tcp,ftp_data,SF
